,fragID,COMID,Dam_name,Purposes,Year_compl,Norm_stor,geometry,OBJECTID,Reachcode,streamorder,Coordinates,ID,Up,Down,length
0,CO00013,225789.0,HARRY DENNING IRRIGATION #3,I,1962.0,30.0,POINT (-104.5114409999999 40.03918000000004),1521161,10190003000749,1.0,"LINESTRING Z (-104.520929681536 40.0365090045221 0, -104.52048301487 40.036577204522 0, -104.517861414874 40.0375588711871 0, -104.515717281544 40.0379000711866 0, -104.512529881549 40.038949671185 0, -104.509402614887 40.0396102711838 0, -104.508449481555 40.0397006711837 0, -104.50755641489 40.0396768711839 0, -104.506395614892 40.0394926711841 0, -104.505502814893 40.0392400711845 0, -104.504461614895 40.0387584711853 0, -104.503866414896 40.0386204711854 0, -104.503032814897 40.0386196045187 0)",550126172.0,550201446.0000001,550100015.0,1.604
1,CO00054,226711.0,D.A. LORD #4,IS,0.0,1725.0,POINT (-104.4581949999999 40.08516900000006),1521819,10190003002364,3.0,"LINESTRING Z (-104.457836014967 40.0834058711159 0, -104.457840681634 40.0834292711159 0, -104.457871614967 40.0835836711157 0, -104.457902614967 40.0837380711155 0, -104.457933614967 40.0838926044485 0, -104.457964614967 40.0840470044483 0, -104.457995481634 40.0842014044481 0, -104.458026481633 40.0843558711144 0, -104.458057481634 40.0845102711142 0, -104.458088481633 40.084664671114 0, -104.458119414967 40.084819204447 0, -104.458150414967 40.0849736044468 0, -104.458181414967 40.0851280044466 0, -104.458245881633 40.0853184044464 0)",550042993.0000001,550044416.0000001,550041689.9999999,0.217
2,CO01106,226805.0,PROSPECT,I,1914.0,6368.0,POINT (-104.5087169999999 40.01780400000007),1521635,10190003001135,1.0,"LINESTRING Z (-104.508844281555 40.0177550045511 0, -104.508248681556 40.0179832045508 0, -104.506492214892 40.0182560045503 0, -104.504557414895 40.0183226045503 0, -104.503337414897 40.0181154045506 0, -104.501731481566 40.0173584712184 0, -104.500517081568 40.0170624712189 0, -104.499624214902 40.0170634045522 0, -104.498463281571 40.0169502712191 0, -104.497332614906 40.0171574712188 0, -104.494118281578 40.017229404552 0, -104.493225081579 40.0170930045521 0, -104.491437814915 40.0161336712204 0, -104.491199481582 40.0160882045537 0, -104.489089814919 40.0181270045506 0, -104.488732881586 40.0182188045504 0, -104.48834541492 40.0179446045508 0, -104.487897614921 40.0170754045521 0, -104.487688881588 40.0169154045525 0, -104.487391214921 40.0168928045525 0, -104.48602288159 40.0173060045518 0, -104.485457214924 40.0172150045519 0, -104.484622814926 40.0166436712196 0, -104.484503614926 40.0164836045531 0, -104.484441481593 40.0148588045556 0, -104.484351814926 40.0145614712229 0, -104.483487014927 40.0134638045578 0, -104.483128614928 40.012663204559 0, -104.483098014928 40.0121826045598 0, -104.483334681594 40.0112212712279 0, -104.483274614928 40.0109238712285 0, -104.483006481595 40.0106952712288 0, -104.48166641493 40.0101014712297 0, -104.48148741493 40.0098728045633 0, -104.481098814931 40.0087288045651 0, -104.480890281598 40.0086374712319 0, -104.480622481599 40.0086378045652 0, -104.480325081599 40.0087524712318 0, -104.479701014933 40.0093022712309 0, -104.479344014934 40.0094398712308 0, -104.479076014934 40.0093486045642 0, -104.478628681602 40.0087082045652 0, -104.477347214937 40.007519404567 0, -104.476841014938 40.0073138045674 0, -104.476483881605 40.007291271234 0, -104.476186481605 40.0074518045671 0, -104.475978681606 40.0077722712333 0, -104.475861081606 40.0087336045652 0, -104.475683214939 40.009237071231 0, -104.47520781494 40.0097638712302 0, -104.474791481607 40.0099930712298 0, -104.474285814942 40.0101308712296 0, -104.473779881609 40.0101312712297 0, -104.47321408161 40.0098800045634 0, -104.470531681614 40.0069988045678 0, -104.470203614948 40.0064498712354 0, -104.469994414948 40.0058092712364 0, -104.469190281616 40.0052378712373 0, -104.46915961495 40.0045742712383 0, -104.469931681615 40.0034064712401 0, -104.469930814948 40.002719871241 0, -104.469781281615 40.0022622712419 0, -104.469393814949 40.0017592045759 0)",550075101.9999999,550084955.9999999,550068063.0000001,5.449
3,,225523.0,,,,,,1520959,10190003000230,3.0,"LINESTRING Z (-104.410590281707 40.1729874043101 0, -104.410292015041 40.1730332709769 0, -104.409636015042 40.173582670976 0, -104.40898008171 40.1746584043077 0, -104.408294681711 40.1761688043053 0, -104.407698615045 40.1771530043038 0, -104.407131881713 40.1778624709693 0, -104.403284481719 40.1807696709649 0, -104.402419815053 40.1820284709628 0, -104.401793481721 40.1825092042954 0, -104.400898481722 40.1828754709614 0, -104.400272015057 40.1828528042949 0, -104.399675215057 40.1826926042951 0, -104.398809815059 40.1820292042962 0, -104.398033681727 40.1810454042977 0, -104.397228081728 40.1803818709654 0, -104.396303081729 40.179992870966 0, -104.39579588173 40.179992870966 0, -104.395229081731 40.1801760709657 0, -104.394960681731 40.1804964709652 0, -104.394871281732 40.1807482042982 0, -104.394841681732 40.1818238042964 0, -104.394483815065 40.1823044042957 0, -104.393946881733 40.1826706042953 0, -104.392186681736 40.183220070961 0, -104.39167961507 40.1835404709605 0, -104.39153041507 40.1838380042934 0, -104.391560281737 40.1840896709596 0, -104.39185881507 40.1843642042926 0, -104.392724015068 40.1847074709587 0, -104.392694281735 40.1849590709584 0, -104.392396015069 40.185371204291 0, -104.392455681735 40.1856456709573 0, -104.393112481734 40.1867670042889 0, -104.393232081734 40.1880942042868 0, -104.392665215068 40.1888952042855 0, -104.392008881736 40.1894672709512 0, -104.390308281739 40.1904286042831 0, -104.389741415073 40.1908634709492 0, -104.389473015073 40.1912754042818 0, -104.389353615073 40.191664470948 0, -104.389085215074 40.1920306042807 0, -104.388757081741 40.1922824042801 0, -104.388339215075 40.19241980428 0, -104.386966681744 40.1926944042796 0, -104.386847415077 40.1928088709462 0)",550037589.0,550038487.0000001,550036753.9999999,3.946
4,,225587.0,,,,,,1520960,10190003000231,3.0,"LINESTRING Z (-104.450976681645 40.113196204403 0, -104.450441281645 40.1141118710682 0, -104.44948861498 40.1151422043999 0, -104.448476681648 40.1166074043977 0, -104.448120881649 40.1183468043951 0, -104.447972014982 40.1185756710613 0, -104.447138214984 40.1191940710604 0, -104.446602281651 40.1200640043924 0, -104.446244881652 40.1202472710588 0, -104.443473481656 40.1210498710575 0, -104.442579614991 40.1214394043902 0, -104.441596814992 40.1223782043888 0, -104.439304014996 40.1249882043846 0, -104.438797614997 40.1254690710506 0, -104.437993214998 40.126087404383 0, -104.436861015 40.1267516043819 0, -104.435728681668 40.1273014043812 0, -104.435490415002 40.1275990043806 0, -104.435193281669 40.1287662043787 0, -104.43468728167 40.129704671044 0, -104.434837215003 40.1306428710426 0, -104.435076281669 40.1312378043751 0, -104.435046881669 40.1318098710407 0, -104.434243615004 40.133869804371 0, -104.433678215005 40.1351288043689 0, -104.433321815005 40.1367308043664 0, -104.432488081673 40.1381042043643 0, -104.431892215007 40.1387680710299 0, -104.431505415008 40.1398210043617 0, -104.431477881675 40.1425898710241 0, -104.431895881674 40.1433448710228 0, -104.433178815005 40.1443054043548 0, -104.433447481672 40.144717204354 0, -104.433478215005 40.145838471019 0, -104.433627681671 40.1462732710183 0, -104.43446328167 40.147165271017 0, -104.434553215003 40.1475770710163 0, -104.43422568167 40.1481036710154 0, -104.433659281671 40.1483098043486 0, -104.432705081673 40.1484476043482 0, -104.432287815007 40.1486538043479 0, -104.432079281674 40.1490200710141 0, -104.432139281674 40.1493632710136 0, -104.432706281673 40.1498664043461 0, -104.433273015005 40.1501406710124 0, -104.433183881672 40.1504154043453 0, -104.432528615006 40.1513768043437 0, -104.431842881674 40.1518118710098 0, -104.430620615009 40.1522014710092 0, -104.43014341501 40.1521332043425 0, -104.429815081677 40.1517670710098 0, -104.429307881678 40.1514928043435 0, -104.428920281679 40.1515386710103 0, -104.428741481679 40.1516532043433 0, -104.428622415013 40.1519508043429 0, -104.428682615012 40.1527516710083 0, -104.42835488168 40.1532552043408 0, -104.42805688168 40.1534154710073 0, -104.427669081681 40.1533242043407 0, -104.426505415016 40.1524780043421 0, -104.426207081683 40.1524552710088 0, -104.425789815017 40.1526614043418 0, -104.425492081684 40.1534166043405 0, -104.425522615017 40.1543776710057 0, -104.425642081684 40.1548124710051 0, -104.425672415017 40.1555218710039 0, -104.425136215018 40.156368804336 0, -104.424510081686 40.1567122710022 0, -104.423108815021 40.1572620710014 0, -104.42188648169 40.1581092710001 0, -104.421260415024 40.1582926043331 0, -104.419739281693 40.158361804333 0, -104.419113081694 40.1585678709993 0, -104.417026281697 40.1599186709972 0, -104.415893081699 40.1604226043298 0, -104.413268681703 40.1608810709956 0, -104.412851281704 40.1610414043287 0, -104.412553215038 40.1612702709951 0, -104.412225415038 40.1619112043273 0, -104.412166015038 40.1625062043265 0, -104.411987215038 40.1628036709927 0, -104.411182281706 40.163467604325 0, -104.41103321504 40.1637650709912 0, -104.41106341504 40.1643370709903 0, -104.411152881706 40.16449727099 0, -104.41118321504 40.1651838043224 0, -104.41103421504 40.1655728709884 0, -104.410467681707 40.1662596043207 0, -104.410467881707 40.1667858709865 0, -104.411542415039 40.1681586709844 0, -104.411632215039 40.1685248043171 0, -104.411811215039 40.1687306709834 0, -104.411900815039 40.1690968043163 0, -104.412438281704 40.1700348709813 0, -104.412438681704 40.1709502043133 0, -104.411753215039 40.171865804312 0, -104.410679681707 40.1728500043105 0, -104.410590281707 40.1729874043101 0)",550038487.0000001,550039449.9999999,550037589.0,9.125
5,,225615.0,,,,,,1520961,10190003000232,3.0,"LINESTRING Z (-104.456021481637 40.0940160044327 0, -104.456112081637 40.0950684710978 0, -104.456500081636 40.0956404044304 0, -104.457514414968 40.0966236710954 0, -104.458200814967 40.0976758710938 0, -104.459126814965 40.0995288710909 0, -104.459336214965 40.1001694710898 0, -104.459516414965 40.101336471088 0, -104.459519814964 40.1041282710838 0, -104.459759214964 40.1049060710826 0, -104.460057614964 40.1052034710822 0, -104.46059428163 40.1054090044151 0, -104.460803214963 40.1056148044149 0, -104.460773681629 40.1059810044143 0, -104.46053568163 40.1062328710805 0, -104.459642614964 40.1070574044126 0, -104.459494014965 40.1074006710787 0, -104.459435081631 40.1080414710777 0, -104.459137614965 40.1084764710771 0, -104.457886814967 40.109301204409 0, -104.457053081635 40.1099424710748 0, -104.456635814969 40.1099200044082 0, -104.45615841497 40.1093710710756 0, -104.455681081637 40.1089822710761 0, -104.455293481638 40.1088682710765 0, -104.454280214973 40.1088918044098 0, -104.453416081641 40.1090984044093 0, -104.452850214975 40.1093962044089 0, -104.452433414976 40.1097854710749 0, -104.452225414976 40.1103578044074 0, -104.451899214976 40.1118454044051 0, -104.451631414977 40.1123262044044 0, -104.451035881644 40.1127842044036 0, -104.450976681645 40.113196204403 0)",550039449.9999999,550040521.0,550038487.0000001,2.908
6,,225643.0,,,,,,1520962,10190003000232,3.0,"LINESTRING Z (-104.458245881633 40.0853184044464 0, -104.458097281633 40.0857074711124 0, -104.458128214967 40.0866686711109 0, -104.457890081634 40.0869206044437 0, -104.457473281634 40.0871040044435 0, -104.456520014969 40.0872648044433 0, -104.455149681638 40.0873572044431 0)",550041689.9999999,550042993.0000001,550040521.0,0.427
7,,226887.0,,,,,,1520963,10190003000232,3.0,"LINESTRING Z (-104.455149681638 40.0873572044431 0, -104.454785481639 40.0876092711093 0, -104.456021481637 40.0940160044327 0)",550040521.0,550041689.9999999,550039449.9999999,0.767
8,,225733.0,,,,,,1520964,10190003000234,3.0,"LINESTRING Z (-104.462730481626 40.0504852711671 0, -104.462374281627 40.0514010044989 0, -104.462047814961 40.0523166044975 0, -104.460976814962 40.0531870044962 0, -104.460917481629 40.0533472044959 0, -104.460203414963 40.0538740711618 0, -104.459608081631 40.0540804044948 0, -104.457136681635 40.0543338711611 0, -104.455975681637 40.054609404494 0, -104.455707881637 40.0548156044936 0, -104.455678481637 40.0551816711597 0, -104.456542614969 40.0555930044924 0, -104.457466814968 40.0563704044912 0, -104.458152681633 40.0571938044899 0, -104.458093614967 40.0575828044894 0, -104.457885414967 40.0578118044889 0, -104.456873414969 40.0582930711549 0, -104.456695081636 40.0586364711544 0, -104.456666081636 40.0592542711535 0, -104.456845214969 40.0595974711529 0, -104.456816014969 40.0601008711521 0, -104.456399814969 40.0607420044845 0, -104.455060814971 40.0617270044829 0, -104.455001481638 40.0619788044825 0, -104.455568014971 40.0625276711482 0, -104.455508814971 40.0628022711479 0, -104.455241014971 40.0630084044809 0, -104.454615414972 40.0629172711478 0, -104.452173681643 40.0633764711471 0, -104.451965414976 40.0635368711467 0, -104.451965681643 40.0638114711463 0, -104.452561681642 40.0642000711458 0, -104.452593081642 40.0656648044769 0, -104.452862214975 40.0666486711419 0, -104.452803814975 40.0675640044739 0, -104.452268481643 40.0683652711392 0, -104.451941081643 40.0686400711389 0, -104.451643414977 40.0687546711385 0, -104.451286014977 40.0687320711386 0, -104.450928281645 40.0685034711391 0, -104.450689814978 40.0682290044728 0, -104.450153281646 40.0679318711399 0, -104.448932081648 40.0679326044734 0, -104.448723681648 40.0680930044731 0, -104.448753881648 40.0685048711391 0, -104.449977414979 40.0705408044693 0, -104.450573814978 40.0712726711348 0, -104.450693414978 40.0715472044676 0, -104.450664014978 40.0718904711339 0, -104.450425814979 40.0721194711335 0, -104.449979414979 40.0723258044665 0, -104.44989021498 40.0725088711328 0, -104.449920214979 40.0727148044658 0, -104.450158614979 40.0728976711323 0, -104.451827081643 40.0731940711318 0, -104.452363614976 40.0734912711313 0, -104.452870614975 40.0740172711305 0, -104.452930614975 40.0744290711299 0)",550046027.0000001,550062788.0,550044416.0000001,4.162
9,,225907.0,,,,,,1520965,10190003000235,2.0,"LINESTRING Z (-104.468918081617 40.0020798712421 0, -104.46897781495 40.0022172045752 0, -104.468979081617 40.0032012712404 0, -104.46859321495 40.0039110712393 0, -104.466512214954 40.0053772712371 0, -104.466096214954 40.0058582045696 0, -104.465858814955 40.0063390045688 0, -104.465533214955 40.0077808712333 0, -104.465564481622 40.0089250712315 0, -104.466132081621 40.0105266045624 0, -104.466310881621 40.0107552712287 0, -104.46690968162 40.013340804558 0, -104.46697188162 40.0153316045549 0, -104.467241014952 40.0163840045533 0, -104.467182481619 40.0170936712188 0, -104.46685608162 40.017894804551 0, -104.465935281621 40.0193372712153 0, -104.464954681623 40.0206194712134 0, -104.464776681623 40.021031604546 0, -104.464958014956 40.0231368045427 0, -104.465286681622 40.0240976712079 0, -104.466359881621 40.0253098045394 0, -104.46644988162 40.0258130712053 0, -104.466242614954 40.0266600045372 0, -104.466392281621 40.0272548712031 0, -104.466541614954 40.0275522045359 0, -104.467733481618 40.0286268712009 0, -104.468002281618 40.0291988712001 0, -104.468092414951 40.0298624045324 0, -104.468003814951 40.0303202045317 0, -104.467736414952 40.0307322711977 0, -104.466606614954 40.031785871196 0, -104.465624881622 40.0323358045285 0, -104.464494214957 40.0327716045278 0, -104.464196881624 40.0330692711941 0, -104.463989081624 40.0334584711934 0, -104.464139281624 40.034556804525 0, -104.464856014956 40.0362496711891 0, -104.465452681622 40.0371874711877 0, -104.465453681622 40.0379884045198 0, -104.464978414956 40.038789671185 0, -104.465068481623 40.0393616711842 0, -104.466082281621 40.0406424711822 0, -104.466172214954 40.0410772045149 0, -104.465815614955 40.0416038045141 0, -104.465667414955 40.0420616045134 0, -104.465728281622 40.0431142711784 0, -104.464925614956 40.0440302711771 0, -104.464539681623 40.0449688711755 0, -104.464421414957 40.045564004508 0, -104.464213281624 40.0458386711743 0, -104.463945481624 40.045953271174 0, -104.463082081626 40.0460456045071 0, -104.462993214959 40.0463202045068 0, -104.463708614958 40.0470062045058 0, -104.463858014958 40.0473950711718 0, -104.463829281625 40.0481732045039 0, -104.463502814958 40.0490200711693 0, -104.462789614959 40.0501648711676 0, -104.462730481626 40.0504852711671 0)",550062788.0,550068063.0000001,550046027.0000001,6.03
10,,226895.0,,,,,,1520966,10190003000235,2.0,"LINESTRING Z (-104.469393814949 40.0017592045759 0, -104.468918081617 40.0020798712421 0)",550068063.0000001,550075107.9999999,550062788.0,0.054
11,,229325.0,,,,,,1520967,10190003000237,2.0,"LINESTRING Z (-104.47524681494 39.9781994712792 0, -104.475547681606 39.9806936046087 0, -104.47548941494 39.9815634046074 0, -104.47537101494 39.9819296712734 0, -104.475133481607 39.9823188712729 0, -104.47516481494 39.983463071271 0, -104.475016281607 39.9836004712708 0, -104.474659681608 39.9838984046037 0, -104.473648881609 39.9843568712696 0, -104.473381614943 39.984723271269 0, -104.47341188161 39.9851580046017 0, -104.473561081609 39.9854554046013 0, -104.473531814943 39.9857756712674 0, -104.473472414943 39.9859130712672 0, -104.47302668161 39.9862566712667 0, -104.471897014945 39.9868068712659 0, -104.470738081614 39.9878376712643 0, -104.470322281614 39.9883872045968 0, -104.470233414948 39.988661871263 0, -104.470234081615 39.9892110712622 0, -104.470502681614 39.9898974045943 0, -104.470443681614 39.9902178712605 0, -104.470206081615 39.9905156045934 0, -104.469819481615 39.9906302712598 0, -104.46907581495 39.9907910712597 0, -104.468302881618 39.9912494045923 0, -104.467916281618 39.9913640712587 0, -104.467410481619 39.9913416045922 0, -104.46693408162 39.9910674045926 0, -104.466576814954 39.9909302712595 0)",550126137.0,550201265.9999999,550099998.0,1.93
12,,230583.0,,,,,,1520968,10190003000238,1.0,"LINESTRING Z (-104.520937814869 39.9142988047118 0, -104.519926081537 39.9150760047106 0, -104.518973814872 39.915830271376 0, -104.518051014874 39.9168134713744 0, -104.517604081541 39.9174310047068 0, -104.517276414875 39.9179570047061 0, -104.517037681542 39.9185288713718 0, -104.516768881542 39.9193066713706 0, -104.516202481543 39.9203590047023 0, -104.515874814877 39.9208392713683 0, -104.515815014877 39.9210222713679 0, -104.515843281544 39.9219148047 0, -104.515604681544 39.9223722713659 0, -104.515217481545 39.9228982046984 0, -104.514681814879 39.9233326046977 0, -104.51367061488 39.9236978046972 0, -104.51161848155 39.9243364713629 0, -104.508643681555 39.9257980713606 0, -104.508167681556 39.9260492713602 0, -104.506056081559 39.9266880046926 0, -104.504776214894 39.927624804691 0, -104.504330014895 39.9278760713573 0, -104.503913014896 39.9282646713568 0, -104.503556014896 39.9284702713564 0, -104.502812281564 39.9287898713559 0, -104.502603814898 39.9289728046889 0, -104.502305481565 39.9295902713548 0, -104.502156281565 39.9299106046874 0, -104.501442081566 39.9303446046869 0, -104.500964481567 39.9313510046853 0, -104.500508414901 39.9315822046848 0, -104.500122414902 39.9318572046845 0, -104.500123081568 39.9322462046838 0, -104.500272281568 39.9325666046834 0, -104.500273214901 39.9330470713493 0, -104.499768614902 39.933482404682 0, -104.499769014902 39.9337342046816 0, -104.499828814902 39.933871471348 0, -104.500096814902 39.934145804681 0, -104.500156414902 39.9342600713474 0, -104.500157081568 39.93471780468 0, -104.499979281568 39.9349926713463 0, -104.499712214902 39.9352218046793 0, -104.499385614903 39.9354966713456 0, -104.498613681571 39.936046804678 0, -104.497813481572 39.9374434713425 0, -104.497575681572 39.9375124713424 0, -104.497129614906 39.9373756046759 0, -104.496772881573 39.9374216713425 0, -104.496208281574 39.9375596713423 0, -104.495495081575 39.9376976713421 0, -104.495198014909 39.9378582046751 0, -104.49478241491 39.9382018713413 0, -104.494010014911 39.9385230046742 0, -104.493861681578 39.9387062046739 0, -104.493654281578 39.9391642046731 0, -104.493387014912 39.9393474713394 0, -104.492108881581 39.9394860046727 0, -104.491811681581 39.9396236046724 0, -104.491752414915 39.9397152046723 0, -104.491545281582 39.940333271338 0, -104.490624214916 39.9405858713376 0, -104.490506614916 39.9414556046696 0, -104.490002014917 39.9419596046688 0, -104.490122014917 39.9425774713346 0, -104.490003414917 39.9427836046676 0, -104.489706281584 39.9428982713339 0, -104.489141414919 39.942898671334 0, -104.488576214919 39.9426932713343 0, -104.48815961492 39.9424420046681 0, -104.487743081587 39.9423050713349 0, -104.486940414922 39.942328671335 0, -104.48625688159 39.942512404668 0, -104.485870814924 39.9428330713341 0, -104.485514281591 39.942925071334 0, -104.485127481591 39.9427880713342 0, -104.484354481593 39.9427202046676 0, -104.484116681593 39.9428118713342 0, -104.484027881593 39.943086604667 0, -104.484088214926 39.9435900046662 0, -104.484177414926 39.9436128046661 0, -104.484177614926 39.9437272046661 0, -104.484475414926 39.9440244046656 0, -104.484535681592 39.9446194713314 0, -104.484744281592 39.9449166713309 0, -104.484805281592 39.9459236046627 0, -104.484924614925 39.9461752046622 0, -104.485103214925 39.946358204662 0, -104.485044214925 39.9466098713282 0, -104.484598881592 39.9470680046609 0, -104.484539814926 39.9472512046606 0, -104.484510214926 39.9473886046604 0, -104.484718614925 39.9475256713269 0, -104.485164681591 39.94759400466 0, -104.485165081591 39.9478228046598 0, -104.484719881592 39.948326604659 0, -104.484334281593 39.9490364046579 0, -104.483859014927 39.949380071324 0, -104.483532281594 39.9495406713238 0, -104.482640414929 39.9496558713236 0, -104.482373614929 39.9501824713227 0, -104.48210621493 39.9502970713226 0, -104.48186821493 39.9502516046559 0, -104.481451681597 39.9500688713229 0, -104.481065214931 39.9501378713227 0, -104.480768481598 39.9505270713223 0, -104.480471481599 39.9507792046551 0, -104.478688214935 39.9513070046542 0, -104.478539614935 39.9513986713209 0, -104.478480481602 39.9515816713205 0, -104.478510614935 39.95190207132 0, -104.478600014935 39.9520164713199 0, -104.478541414935 39.952565871319 0, -104.478482014935 39.9526344713188 0, -104.478274481602 39.9530466046516 0, -104.478304814935 39.9533898046511 0, -104.478632214935 39.9536642046507 0, -104.478840814935 39.95405300465 0, -104.479049214934 39.9541672713165 0, -104.479614414933 39.9543270046495 0, -104.4797334816 39.9544412713161 0, -104.479674614933 39.9548304713154 0, -104.4795560816 39.955128071315 0, -104.479498014934 39.9560662713136 0, -104.479082481601 39.9566388713126 0, -104.478578214935 39.9575088713113 0, -104.478459814935 39.9578064713108 0, -104.478341414935 39.95833287131 0, -104.478045014936 39.9589510713091 0, -104.477777881603 39.9593174713085 0, -104.477718814936 39.9595692046415 0, -104.477630414936 39.9601642713072 0, -104.477512081603 39.9605306046399 0, -104.477423614937 39.9610340713057 0, -104.476978214937 39.9615378713052 0, -104.476354081605 39.9618816713046 0, -104.476206014939 39.9622480046374 0, -104.475730814939 39.9626602713034 0, -104.47540381494 39.9628436713031 0, -104.47513641494 39.9630956713026 0, -104.47513701494 39.9635076046354 0, -104.47552401494 39.9637360713018 0, -104.47552461494 39.9641480713011 0, -104.474990214941 39.9648350713 0, -104.474693214941 39.9650870712995 0, -104.474306814942 39.9653162712993 0, -104.474098881609 39.9654766046324 0, -104.474039881609 39.9658428046318 0, -104.474308014942 39.966140071298 0, -104.474575881608 39.966323004631 0, -104.474665681608 39.9667348046303 0, -104.474547214941 39.9669866046299 0, -104.474369014941 39.9672842712962 0, -104.474161414942 39.9676962712955 0, -104.474072681609 39.9680624712949 0, -104.474072881609 39.9682226712947 0, -104.474728214941 39.968931604627 0, -104.475443281607 39.9698464046255 0, -104.47559221494 39.9699606712921 0, -104.475830614939 39.970258004625 0, -104.475949881606 39.9704638712913 0, -104.476069014939 39.9705552712912 0, -104.476188414939 39.9708526712906 0, -104.476218681605 39.9714018712898 0, -104.476338214938 39.9717222046227 0, -104.476457614938 39.9720424712888 0, -104.476459281605 39.9732096046203 0, -104.476608281605 39.9734154712866 0, -104.476727614938 39.9736900046195 0, -104.476728881605 39.9745366712849 0, -104.476402281605 39.9749488712843 0, -104.475599681606 39.9752700046171 0, -104.475451281606 39.9754990046168 0, -104.47533261494 39.9757966046162 0, -104.474946681607 39.9763690046154 0, -104.474828281608 39.9767810046147 0, -104.474888281607 39.9771242046143 0, -104.47512681494 39.9774902046137 0, -104.475097881607 39.9781080712795 0, -104.47524681494 39.9781994712792 0)",550201265.9999999,0.0,550126137.0,9.912
13,,225525.0,,,,,,1521138,10190003000739,2.0,"LINESTRING Z (-104.424525481686 40.1790238709675 0, -104.42169108169 40.1787504043013 0, -104.420199215026 40.1784764043017 0, -104.418438615028 40.1779048709693 0, -104.415932415032 40.1772878709702 0, -104.414798615034 40.176807670971 0, -104.413873415035 40.1762588043051 0, -104.412948281704 40.1754810043063 0, -104.412739215037 40.1751378043069 0, -104.412380481704 40.173719204309 0, -104.412111815038 40.1734446043096 0, -104.410590281707 40.1729874043101 0)",550126176.0,550201457.9999999,550037589.0,1.462
14,,225515.0,,,,,,1521139,10190003000740,1.0,"LINESTRING Z (-104.435013215003 40.1984704042706 0, -104.43474428167 40.1979900042714 0, -104.433997081671 40.1964800042736 0, -104.433697615005 40.1952672709423 0, -104.433249415005 40.1945582042768 0, -104.431517415008 40.1928426709461 0, -104.431218481675 40.1923164709468 0, -104.430979215009 40.1915386042815 0, -104.430948015009 40.1897308042842 0, -104.431096615009 40.1891356709519 0, -104.431126081675 40.1884948709529 0, -104.430976615009 40.1882204042865 0, -104.430469081676 40.1877858042872 0, -104.430050881677 40.1872138709548 0, -104.42996041501 40.1858638709568 0, -104.429601881678 40.1852232042912 0, -104.429094081678 40.1845828042922 0, -104.427452215014 40.1831188709612 0, -104.426795015015 40.1819978709629 0, -104.426286681683 40.1805792709651 0, -104.426017881683 40.180190404299 0, -104.424615081685 40.1792068709672 0, -104.424525481686 40.1790238709675 0)",550201460.0000001,0.0,550126176.0,2.436
15,,225527.0,,,,,,1521140,10190003000741,1.0,"LINESTRING Z (-104.450937614978 40.187797670954 0, -104.450758481645 40.1876604709541 0, -104.450698614978 40.1875002709544 0, -104.449682881647 40.1863796709562 0, -104.449205014981 40.1857164042904 0, -104.449085214981 40.1853044709578 0, -104.449114014981 40.1843434042926 0, -104.449203081647 40.1839770709599 0, -104.449201014981 40.1819862709629 0, -104.449110681647 40.1811854042974 0, -104.448691814981 40.1800414709659 0, -104.447885214983 40.1789434709676 0, -104.446989281651 40.1781432043022 0, -104.445884014986 40.1767250709711 0, -104.444092281655 40.1747350709741 0, -104.440211414995 40.1717854043121 0, -104.438032814998 40.1707338043137 0, -104.436779015 40.169727470982 0, -104.436271681667 40.1694988709823 0, -104.435018815003 40.1694308709824 0, -104.434511815003 40.1695456043156 0, -104.433557881672 40.1702782709811 0, -104.432454481673 40.1707136709805 0, -104.431768815008 40.1711258709798 0, -104.431262215008 40.1716752709789 0, -104.430875281676 40.1728884043103 0, -104.430517681676 40.1733918709763 0, -104.429563815011 40.1742620043083 0, -104.429236015012 40.1746968709742 0, -104.428997615012 40.1750630709736 0, -104.427387881681 40.1768716043041 0, -104.426642481682 40.1774898043032 0, -104.425688215017 40.1780164709691 0, -104.425002481685 40.1787262043013 0, -104.424525481686 40.1790238709675 0)",550201457.9999999,0.0,550126176.0,4.059
16,,225591.0,,,,,,1521141,10190003000742,1.0,"LINESTRING Z (-104.480280014932 40.116400404398 0, -104.479355014934 40.1157604710657 0, -104.478728214935 40.1152346710664 0, -104.478549014935 40.114960271067 0, -104.477683614936 40.1142516044014 0, -104.47559601494 40.1133838710694 0, -104.47321068161 40.1128136710702 0, -104.472524881611 40.1125624710708 0, -104.471093081613 40.111739871072 0, -104.469900281615 40.1113288710726 0, -104.46858861495 40.1110096044065 0, -104.467098081619 40.1108048044068 0, -104.465548414955 40.1108516710732 0, -104.464565081623 40.111058471073 0, -104.462717481626 40.1113116044059 0, -104.461912814961 40.111312204406 0, -104.461018414962 40.1110382044064 0, -104.46027308163 40.110993071073 0, -104.455267481638 40.1121864044046 0, -104.454135414973 40.1125532710707 0, -104.452794881642 40.1131950044031 0, -104.451841281643 40.1133328710695 0, -104.450976681645 40.113196204403 0)",550201455.9999999,0.0,550038487.0000001,2.739
17,,225747.0,,,,,,1521142,10190003000743,2.0,"LINESTRING Z (-104.473927414942 40.0508884044998 0, -104.472557681611 40.0510040044996 0, -104.471426014946 40.0508446044997 0, -104.469251414949 40.0501598711675 0, -104.46877481495 40.0501144711677 0, -104.467375881619 40.0505276045004 0, -104.465976481621 40.0506430045001 0, -104.462730481626 40.0504852711671 0)",550047868.9999999,550049960.9999999,550046027.0000001,0.975
18,,225739.0,,,,,,1521143,10190003000744,2.0,"LINESTRING Z (-104.474879614941 40.0503842045006 0, -104.474046214942 40.0506824045 0, -104.473927414942 40.0508884044998 0)",550049960.9999999,550052379.0000001,550047868.9999999,0.103
19,,225767.0,,,,,,1521144,10190003000744,2.0,"LINESTRING Z (-104.486891614922 40.0391598711846 0, -104.48588068159 40.0400074711833 0, -104.484333481593 40.0406498045156 0, -104.483946881593 40.0409704711818 0, -104.483709814927 40.0416114711809 0, -104.483621614927 40.0423438711796 0, -104.483086414928 40.0428248711789 0, -104.481211214931 40.0431928045116 0, -104.479931014933 40.0432626045115 0, -104.479246481601 40.0434692045112 0, -104.478919281601 40.0436982711775 0, -104.478533481602 40.0445224711762 0, -104.478088881602 40.0458730711741 0, -104.476486214938 40.0494444711687 0)",550058649.0,550062781.0,550055225.9999999,1.602
20,,226745.0,,,,,,1521145,10190003000744,2.0,"LINESTRING Z (-104.476311014938 40.0494466711687 0, -104.476247214939 40.049486604502 0, -104.476087814939 40.0495862045017 0, -104.475928414939 40.0496858045016 0, -104.475769014939 40.0497854045014 0, -104.475609481606 40.049884871168 0, -104.475450081606 40.0499844711677 0, -104.475290681607 40.0500840711676 0, -104.475131281607 40.0501836711675 0, -104.474971814941 40.0502832711674 0, -104.474879614941 40.0503842045006 0)",550052379.0000001,550055225.9999999,550049960.9999999,0.161
21,,226891.0,,,,,,1521146,10190003000744,2.0,"LINESTRING Z (-104.48807501492 40.0369566045214 0, -104.488071481587 40.0369812045213 0, -104.48804921492 40.0371364711877 0, -104.488026881587 40.0372918045209 0, -104.488004481587 40.0374470711873 0, -104.48798221492 40.037602271187 0, -104.487959881587 40.03775760452 0, -104.48793761492 40.0379128711866 0, -104.487915281587 40.0380682045196 0, -104.487893014921 40.038223471186 0, -104.487809814921 40.0382896045193 0, -104.487667414921 40.0384028711857 0, -104.487525014921 40.0385162045189 0, -104.487382614921 40.0386294711853 0, -104.487240214922 40.0387428045186 0, -104.487097814922 40.038856071185 0, -104.486955414922 40.0389694711848 0, -104.486891614922 40.0391598711846 0)",550062781.0,550075104.0,550058649.0,0.28
22,,226747.0,,,,,,1521147,10190003000744,2.0,"LINESTRING Z (-104.476486214938 40.0494444711687 0, -104.476406614938 40.0493870045021 0, -104.476311014938 40.0494466711687 0)",550055225.9999999,550058649.0,550052379.0000001,0.02
23,,225803.0,,,,,,1521148,10190003000745,1.0,"LINESTRING Z (-104.490899014916 40.0320846711955 0, -104.490275081583 40.0328404711944 0)",550126171.0,550126708.0000001,550100012.0,0.1
24,,226893.0,,,,,,1521149,10190003000745,1.0,"LINESTRING Z (-104.488286481587 40.0364352711889 0, -104.48812781492 40.0366276711886 0, -104.48807501492 40.0369566045214 0)",550068064.0000001,550075113.0,550062781.0,0.063
25,,225795.0,,,,,,1521150,10190003000745,1.0,"LINESTRING Z (-104.489981014917 40.0349004045245 0, -104.489773081584 40.0352666711906 0, -104.488286481587 40.0364352711889 0)",550075113.0,550084956.9999999,550068064.0000001,0.226
26,,24847467.0,,,,,,1521151,10190003000745,1.0,"LINESTRING Z (-104.491557481582 40.0301394711985 0, -104.490899014916 40.0320846711955 0)",550126708.0000001,0.0,550126171.0,0.225
27,,226771.0,,,,,,1521152,10190003000745,1.0,"LINESTRING Z (-104.490216081584 40.0328664711943 0, -104.490220881584 40.0329880711943 0, -104.490227014917 40.0331442045273 0, -104.490233081584 40.0333004045269 0, -104.490239281584 40.0334564711934 0, -104.490245414917 40.0336126045265 0, -104.490251481584 40.0337686711929 0, -104.490257681584 40.033924804526 0, -104.490263814917 40.0340808711925 0, -104.490269881583 40.0342370711923 0, -104.490276081583 40.0343932045254 0, -104.490282214917 40.0345492711918 0, -104.490178081584 40.0346434711916 0, -104.490045614917 40.0347634711914 0, -104.489981014917 40.0349004045245 0)",550084956.9999999,550100012.0,550075113.0,0.236
28,,226773.0,,,,,,1521153,10190003000745,1.0,"LINESTRING Z (-104.490275081583 40.0328404711944 0, -104.490214681584 40.0328320045278 0, -104.490216081584 40.0328664711943 0)",550100012.0,550126171.0,550084956.9999999,0.009
29,,226547.0,,,,,,1521154,10190003000746,1.0,"LINESTRING Z (-104.522197881534 40.0640172044792 0, -104.521364614869 40.0636274711466 0, -104.516988214875 40.0624562711484 0, -104.514130881547 40.0613322044836 0, -104.509843414886 40.0605040711513 0, -104.508384814889 40.0600678711522 0, -104.506897014891 40.0592882711534 0, -104.504368281562 40.0577066711558 0, -104.503684414896 40.0571338711567 0, -104.503179414897 40.0564468044911 0, -104.502882814897 40.0557828711588 0, -104.502229281565 40.0548208711602 0, -104.5011294149 40.0536984044954 0, -104.500523614901 40.0533802044959 0, -104.499302414903 40.0532442044961 0)",550126164.0000001,550201449.9999999,550100017.0,2.383
30,,225711.0,,,,,,1521155,10190003000746,1.0,"LINESTRING Z (-104.532588881518 40.0667492711418 0, -104.531755014852 40.0667028044751 0, -104.529581081522 40.0664264044756 0, -104.528449681524 40.0661280044761 0, -104.52708021486 40.065554804477 0, -104.525294014862 40.0650268711445 0, -104.522197881534 40.0640172044792 0)",550201449.9999999,0.0,550126164.0000001,0.938
31,,225749.0,,,,,,1521156,10190003000746,1.0,"LINESTRING Z (-104.497362681573 40.0509348711664 0, -104.496886081573 40.0508896044997 0, -104.495634881575 40.0505934045003 0, -104.494204681577 40.0500686045009 0, -104.49268468158 40.0492690711689 0, -104.491910081581 40.0490410045026 0, -104.491433481582 40.0489956711694 0, -104.48842721492 40.0496624045016 0, -104.486759814922 40.0497782711681 0, -104.48586628159 40.0496648045016 0, -104.485151681591 40.0496426045017 0, -104.483961281593 40.0500784711677 0, -104.483574081594 40.0500788711677 0, -104.482114081596 40.0494852045018 0, -104.481488814931 40.0495316045018 0, -104.481072281598 40.0497150045015 0, -104.479317014934 40.0507920711665 0, -104.478513281602 40.0510446044994 0, -104.47514881494 40.0512762711659 0, -104.474463814941 40.0511854044993 0, -104.474016881609 40.0510256044994 0, -104.473927414942 40.0508884044998 0)",550084969.0,550100017.0,550047868.9999999,2.144
32,,226743.0,,,,,,1521157,10190003000746,1.0,"LINESTRING Z (-104.499302414903 40.0532442044961 0, -104.499015214903 40.0531748711629 0, -104.498808614904 40.0531666044961 0, -104.49868968157 40.053062071163 0, -104.498554814904 40.0529436044965 0, -104.498420014904 40.0528252044966 0, -104.498285081571 40.0527066711636 0, -104.498150281571 40.0525882044971 0, -104.498015414905 40.0524696711639 0, -104.497880614905 40.0523512044974 0, -104.497862081572 40.0521956711643 0, -104.497843614905 40.0520400711646 0, -104.497825081572 40.0518844711649 0, -104.497806614905 40.0517290044985 0, -104.497788214905 40.0515734044988 0, -104.497769681572 40.0514178044988 0, -104.497751214905 40.0512622711658 0, -104.497732681572 40.0511066711661 0, -104.497651614905 40.0510634044994 0, -104.497482614906 40.0509732044995 0, -104.497362681573 40.0509348711664 0)",550100017.0,550126164.0000001,550084969.0,0.34
33,,225785.0,,,,,,1521158,10190003000747,1.0,"LINESTRING Z (-104.498888214904 40.0381408711861 0, -104.492575014913 40.0372548045209 0, -104.488584681586 40.0367554045217 0)",550084968.0,550100015.0,550075104.0,0.885
34,,226767.0,,,,,,1521159,10190003000747,1.0,"LINESTRING Z (-104.488584681586 40.0367554045217 0, -104.48823441492 40.0368570045216 0, -104.48807501492 40.0369566045214 0)",550075104.0,550084968.0,550062781.0,0.049
35,,226753.0,,,,,,1521160,10190003000748,1.0,"LINESTRING Z (-104.503032814897 40.0386196045187 0, -104.502925414897 40.0385984045189 0, -104.502724214898 40.0386346711854 0, -104.502523014898 40.0386710045187 0, -104.502321681565 40.0387072711853 0, -104.502120481565 40.0387436045185 0, -104.501919214899 40.0387798711851 0, -104.501788014899 40.0387504711852 0, -104.501589681566 40.0387060045186 0, -104.501391281566 40.0386614711853 0, -104.5011930149 40.0386170045189 0, -104.500994681567 40.0385724711855 0, -104.500796281567 40.0385280045189 0, -104.500598014901 40.0384834711857 0, -104.500399681568 40.038439004519 0, -104.500201281568 40.0383944711858 0, -104.500003014902 40.0383498711858 0, -104.499804681569 40.0383054045193 0, -104.499606281569 40.0382608711861 0, -104.499408014903 40.0382164045195 0, -104.49920968157 40.0381718711862 0, -104.49901128157 40.0381274045196 0, -104.498888214904 40.0381408711861 0)",550100015.0,550126172.0,550084968.0,0.364
36,,225797.0,,,,,,1521162,10190003000749,1.0,"LINESTRING Z (-104.544065014833 40.034674004525 0, -104.537095281511 40.0371632045209 0, -104.536291281512 40.0372770045209 0, -104.531944414852 40.0372964711875 0, -104.530068281522 40.037546671187 0, -104.529234681523 40.0375230711872 0, -104.527865481525 40.0373160045208 0, -104.526139281528 40.036925471188 0, -104.525127214863 40.0367872711883 0, -104.522745414866 40.0367622711884 0, -104.521376281535 40.0365094045221 0, -104.520929681536 40.0365090045221 0)",550201446.0000001,0.0,550126172.0,2.037
37,,226783.0,,,,,,1521163,10190003000751,1.0,"LINESTRING Z (-104.519105481539 40.0035534712399 0, -104.519177614872 40.0037026045729 0, -104.519278814872 40.0038388045728 0, -104.519380081538 40.0039750045725 0, -104.519391214872 40.0040682712391 0, -104.519409681538 40.0042238045722 0, -104.519428214872 40.0043794045719 0, -104.519446814872 40.0045350045716 0, -104.519465281538 40.0046904712382 0, -104.519483814871 40.0048460712379 0, -104.519445081538 40.004910004571 0, -104.519358881538 40.0050520045709 0, -104.519272814872 40.0051940045707 0, -104.519186681539 40.005335871237 0, -104.519100614872 40.0054778712369 0, -104.519014414872 40.0056198712365 0, -104.518928281539 40.0057618712364 0, -104.518926614872 40.0057742045697 0, -104.518904281539 40.0059294712362 0, -104.518882081539 40.0060848045693 0, -104.518859814872 40.0062400712357 0, -104.518837614872 40.0063954045689 0, -104.518743014873 40.0064906712353 0, -104.51861888154 40.0066156712351 0, -104.51849488154 40.006740671235 0, -104.51837088154 40.0068656712347 0, -104.518246814873 40.0069906045679 0, -104.518122814874 40.0071156045677 0, -104.51799868154 40.0072406045674 0, -104.517874681541 40.0073656045673 0, -104.517750681541 40.0074904712338 0, -104.517626614874 40.0076154712336 0, -104.517502614875 40.0077404712333 0, -104.517471081541 40.0077474712334 0, -104.517272814875 40.0077916712333 0, -104.517074414875 40.0078358712332 0, -104.516876081542 40.0078800712332 0, -104.516677681542 40.0079244045664 0, -104.516479281543 40.0079686045664 0, -104.516281014876 40.0080128045662 0, -104.516082614877 40.0080570045662 0, -104.515884214877 40.0081012045661 0, -104.515819681544 40.0081312712328 0, -104.515643814877 40.008213404566 0, -104.515467814878 40.0082954045658 0, -104.515291814878 40.0083774712324 0, -104.515115881545 40.0084596045656 0, -104.514939881545 40.0085416045654 0, -104.514880881545 40.0085950045654 0, -104.514748281545 40.0087148712319 0, -104.514615681546 40.008834804565 0, -104.514483081546 40.0089546045648 0, -104.51435061488 40.0090744712313 0, -104.51421801488 40.0091944045644 0, -104.51408541488 40.009314271231 0, -104.51395281488 40.009434204564 0, -104.513820281547 40.0095540045639 0, -104.513687681547 40.0096738712304 0, -104.513555081547 40.0097938045635 0, -104.513422481548 40.00991367123 0, -104.513289881548 40.0100334712298 0, -104.513243014881 40.0101238712296 0, -104.513167414881 40.0102692712294 0, -104.513091814881 40.0104146712292 0, -104.513016214882 40.010560071229 0, -104.512940681548 40.0107054712287 0, -104.512865081548 40.0108508712285 0, -104.512789481549 40.0109962045616 0, -104.512713881549 40.0111416045614 0, -104.512638281549 40.0112870045612 0, -104.512562814882 40.0114324045609 0, -104.512487214882 40.0115778045607 0, -104.512411614882 40.0117232045604 0, -104.512336014883 40.011868471227 0, -104.512260414883 40.0120138712268 0, -104.51218488155 40.0121592712264 0, -104.51210928155 40.0123046712262 0, -104.51203368155 40.012450071226 0, -104.51195808155 40.0125954712258 0, -104.51188248155 40.0127408712255 0, -104.511807014883 40.0128862045586 0, -104.511731414884 40.0130316045584 0, -104.511655814884 40.0131770045582 0, -104.511580214884 40.0133224045579 0, -104.511504614884 40.0134678045577 0, -104.511429014884 40.0136132045577 0, -104.511353481551 40.0137584712241 0, -104.511277881551 40.0139038712239 0, -104.511202281551 40.0140492712237 0, -104.511126681551 40.0141946712234 0, -104.511137814884 40.0142880045565 0, -104.511156281551 40.0144436045564 0, -104.511174814884 40.0145992045561 0, -104.511193281551 40.0147546712225 0, -104.511211814884 40.0149102712222 0, -104.511230281551 40.0150658045553 0, -104.511248814884 40.015221404555 0, -104.511267281551 40.0153770045549 0, -104.511285814884 40.0155324712213 0, -104.511304281551 40.0156880712211 0, -104.511225214884 40.0157514712209 0, -104.511083414884 40.0158650712208 0, -104.510941481551 40.0159788045539 0, -104.510799614885 40.0160924712204 0, -104.510657814885 40.0162060712202 0, -104.510515881552 40.0163198045533 0, -104.510374081552 40.0164334712198 0, -104.510232214886 40.016547204553 0, -104.510090414886 40.0166608045528 0, -104.509948481553 40.0167744712194 0, -104.509806614886 40.0168882045524 0, -104.509664814887 40.0170018045523 0, -104.509522881554 40.0171154712187 0, -104.509381014887 40.0172292045521 0, -104.509239214887 40.0173428045518 0, -104.509097281554 40.0174564712183 0, -104.508955481554 40.0175702045515 0, -104.508844281555 40.0177550045511 0)",550084955.9999999,550100024.0,550075101.9999999,1.959
38,,225903.0,,,,,,1521164,10190003000752,1.0,"LINESTRING Z (-104.518869214872 40.0024090045749 0, -104.518898214872 40.0028896045742 0, -104.519105481539 40.0035534712399 0)",550100024.0,550126166.0,550084955.9999999,0.13
39,,225925.0,,,,,,1521165,10190003000752,1.0,"LINESTRING Z (-104.518722414873 39.9999910712455 0, -104.51839428154 40.0006692712444 0, -104.518810481539 40.001539271243 0, -104.518869214872 40.0024090045749 0)",550126166.0,550201393.0,550100024.0,0.282
40,,229387.0,,,,,,1521166,10190003000752,1.0,"LINESTRING Z (-104.529588481523 39.9539890046502 0, -104.529737014855 39.9541720713166 0, -104.529736814856 39.9542864713164 0, -104.529796081522 39.9543780713162 0, -104.529973681522 39.9549962046486 0, -104.530240014855 39.9558202046474 0, -104.530566614854 39.9562782046465 0, -104.530714414854 39.9568504713124 0, -104.530682081521 39.9586584046429 0, -104.530771214854 39.9587958046427 0, -104.530859481521 39.9594366046417 0, -104.531155814853 39.9602606713071 0, -104.53127448152 39.9604210046402 0, -104.531393014853 39.9607186046396 0, -104.531452414853 39.9607872713063 0, -104.531540681519 39.9614052713052 0, -104.53127128152 39.9626178713034 0, -104.530973014854 39.9632812713023 0, -104.530197881522 39.9645622046338 0, -104.529750214856 39.9656144712987 0, -104.529630481522 39.966163671298 0, -104.529510814856 39.9667586046303 0, -104.529391414856 39.9671246046298 0, -104.529211081523 39.9683372712945 0, -104.528912814857 39.968840604627 0, -104.528644814857 39.9691378046266 0, -104.528346614858 39.9695952712926 0, -104.528078614858 39.9698468046255 0, -104.527423814859 39.9702582046248 0, -104.525846281528 39.9709432712904 0, -104.525429414862 39.9712862046233 0, -104.525191081529 39.9715148712896 0, -104.524774214863 39.9718578046223 0, -104.522452614867 39.9729312712874 0, -104.521530014868 39.973273671287 0, -104.52039921487 39.9735702046198 0, -104.519952681537 39.973775671286 0, -104.519386814872 39.9742786712853 0, -104.519029014872 39.9748732712843 0, -104.518968881539 39.9751936046173 0, -104.518995614872 39.9772076046141 0, -104.519143681539 39.9776426046133 0, -104.519945881537 39.9783070046124 0, -104.52021321487 39.978604804612 0, -104.52042101487 39.9789024046115 0, -104.520598881536 39.9792916712776 0, -104.521608281535 39.9805968712756 0, -104.521637881535 39.9807570712753 0, -104.521726881535 39.9808946046083 0, -104.521932614868 39.9824966712725 0, -104.522021814868 39.9825424712724 0, -104.522140281534 39.982840071272 0, -104.522199814867 39.9829088046051 0, -104.522288814867 39.9831148712717 0, -104.522258281534 39.9835954046042 0, -104.521662014868 39.9845560046027 0, -104.521482614868 39.9851736712685 0, -104.521481481535 39.9857686712674 0, -104.521362281535 39.9859060046006 0, -104.521302281535 39.9863178712666 0, -104.521212814869 39.9865236712663 0, -104.521063481536 39.9868210712658 0, -104.520795081536 39.9872558045985 0, -104.520645681536 39.9877132712645 0, -104.520762081536 39.9893840045952 0, -104.520999281536 39.9898646712612 0, -104.521504081535 39.9905974712599 0, -104.521444014868 39.9910094045925 0, -104.521086214869 39.9914896712586 0, -104.52078821487 39.9917638712582 0, -104.520817081536 39.9923590045905 0, -104.520846681536 39.9924504712571 0, -104.520845881536 39.9929998045895 0, -104.520726481536 39.9932742712559 0, -104.519802214871 39.9944176045873 0, -104.519712614871 39.9946692712537 0, -104.519711881538 39.9951040712529 0, -104.519830481538 39.9954016712525 0, -104.519859214871 39.9960654045848 0, -104.519441414872 39.9968660045835 0, -104.519351614872 39.997277804583 0, -104.519320481538 39.9980100712485 0, -104.519349014872 39.9989026045804 0, -104.518722414873 39.9999910712455 0)",550201393.0,0.0,550126166.0,5.828
41,,230575.0,,,,,,1521167,10190003000753,1.0,"LINESTRING Z (-104.504296081562 39.9630958713026 0, -104.502002681565 39.9649014046333 0, -104.501436681566 39.9654500046323 0, -104.500509614901 39.9660240046315 0, -104.499736814902 39.9663222712976 0, -104.498786614904 39.9671700046297 0, -104.497391281572 39.9685902712941 0, -104.496175214908 39.970605271291 0, -104.496056681575 39.9708572046239 0, -104.496027214908 39.9710174046236 0, -104.495908681575 39.97126927129 0, -104.495641881575 39.9717730046226 0, -104.494959081576 39.9726204046213 0, -104.49457281491 39.9728038712877 0, -104.493561881578 39.9730108046206 0, -104.492907814913 39.9731946046203 0, -104.492372414914 39.973195071287 0, -104.491182481582 39.9731276046205 0, -104.490468881583 39.9733114712869 0, -104.489696481584 39.9738156712859 0, -104.489220881585 39.9740448712857 0, -104.488566414919 39.973999804619 0, -104.48823921492 39.9739542712859 0, -104.487287414921 39.9739550712858 0, -104.485979214924 39.9743454046185 0, -104.485116481592 39.9742774712852 0, -104.484522014926 39.9745526712849 0, -104.484046681593 39.9748964046178 0, -104.483303414928 39.9751030046174 0, -104.482976414928 39.975332204617 0, -104.482738814929 39.9755842046166 0, -104.48205521493 39.9759280046161 0, -104.48190681493 39.9761340712824 0, -104.481668881597 39.9761800712824 0, -104.481252214931 39.975997404616 0, -104.481014014931 39.9757916046163 0, -104.480508014932 39.9756090712831 0, -104.4793774816 39.9754040712836 0, -104.478663681602 39.9754734046168 0, -104.478366081602 39.9753362712837 0, -104.477592681603 39.9753826712836 0, -104.477265681604 39.9755202712835 0, -104.477176681604 39.9757262712831 0, -104.477236681604 39.9760924046158 0, -104.477594214936 39.976458271282 0, -104.477534881603 39.976572804615 0, -104.477267414937 39.9768018046148 0, -104.476316014938 39.977077271281 0, -104.47569201494 39.9775584046135 0, -104.47548441494 39.9779932712796 0, -104.47539541494 39.9781078712794 0, -104.47524681494 39.9781994712792 0)",550201267.0,0.0,550126137.0,3.427
42,,229365.0,,,,,,1521168,10190003000754,1.0,"LINESTRING Z (-104.466156281621 39.9641096713011 0, -104.466156614954 39.9642470046342 0, -104.46642448162 39.9644528046338 0, -104.466841614953 39.965024604633 0, -104.46693128162 39.9654364712989 0, -104.466813014953 39.9659858046315 0, -104.466160081621 39.9670390046298 0, -104.465863681621 39.9679088046285 0, -104.465715814955 39.9685268046276 0, -104.465538014955 39.9690532046267 0, -104.464825014956 39.9697174712924 0, -104.464617281623 39.9700608712918 0, -104.464439814957 39.9707934712908 0, -104.464411281624 39.9718690046224 0, -104.464352214957 39.9721436712887 0, -104.464323214957 39.9728302046209 0, -104.464175014957 39.9731964712869 0, -104.463789281625 39.974020604619 0, -104.463670814958 39.9744098046185 0, -104.463554014958 39.9761718712823 0, -104.463494681625 39.9763092712821 0, -104.46269461496 39.9788270712782 0, -104.46245861496 39.9804980046089 0, -104.462518481627 39.9807954046084 0, -104.46281621496 39.9810468712748 0, -104.464394014957 39.9819840046066 0, -104.464930081623 39.9825100046059 0, -104.46656948162 39.9849802046021 0, -104.466659014953 39.9853234712682 0, -104.46677808162 39.9854148712679 0, -104.46689788162 39.9859870046005 0, -104.466869614953 39.9870854712655 0, -104.466603214954 39.988184204597 0, -104.46651548162 39.9894658045951 0, -104.466576814954 39.9909302712595 0)",550201398.0000001,0.0,550099998.0,3.22
43,,225657.0,,,,,,1521169,10190003000755,2.0,"LINESTRING Z (-104.462946881626 40.0803948711206 0, -104.460385214963 40.0807170711201 0, -104.459551614965 40.0811296711194 0)",550126175.0,550201451.0000001,550100018.9999999,0.304
44,,225683.0,,,,,,1521170,10190003000756,1.0,"LINESTRING Z (-104.497309681573 40.0715766711342 0, -104.491441681582 40.0715596711343 0, -104.488731481586 40.0717912044672 0, -104.486676214922 40.0718160711339 0, -104.481790481597 40.0713172044679 0, -104.477975414936 40.0697186044705 0, -104.477468881603 40.0696276044706 0, -104.475532881606 40.0696978711372 0, -104.472822681611 40.0699976044701 0, -104.472018881612 40.0702500711363 0, -104.471066614947 40.0708228711354 0, -104.470441881614 40.0715100044677 0, -104.46862821495 40.0739142711306 0, -104.467884414952 40.0746472044628 0, -104.466039614954 40.0762276044605 0, -104.466040281621 40.0767310711262 0, -104.466368814954 40.0773716044585 0, -104.466310081621 40.0780124044575 0, -104.465923414955 40.0784474711236 0, -104.463660881625 40.0796392044552 0, -104.463184814959 40.0800514711211 0, -104.462946881626 40.0803948711206 0)",550201451.0000001,0.0,550126175.0,3.647
45,,225659.0,,,,,,1521171,10190003000757,1.0,"LINESTRING Z (-104.479104214934 40.0875902711095 0, -104.479074081601 40.0874072711097 0, -104.478209214936 40.0868130711106 0, -104.477790281603 40.0856234044458 0, -104.477492214937 40.0854406711128 0, -104.476806614938 40.0852582044463 0, -104.475763881606 40.0852590044464 0, -104.474900214941 40.0855114711127 0, -104.474364681608 40.0860154044452 0, -104.473977681609 40.0862674044448 0, -104.473233014943 40.0863138044447 0, -104.471712881612 40.085903071112 0, -104.470193414948 40.0858356711121 0, -104.469627214949 40.0856988711124 0, -104.467301214952 40.0840530711149 0, -104.466168014954 40.0831614711163 0, -104.463632614958 40.0807834044532 0, -104.462946881626 40.0803948711206 0)",550201454.0000001,0.0,550126175.0,1.834
46,,226549.0,,,,,,1521636,10190003001136,2.0,"LINESTRING Z (-104.464485481624 40.0029302045742 0, -104.465586481622 40.0029064712409 0, -104.466240881621 40.0027686045745 0, -104.466925014953 40.0024706045749 0, -104.468411281617 40.0014166712432 0, -104.468798081617 40.0014164045765 0, -104.469393814949 40.0017592045759 0)",550075107.9999999,550084964.9999999,550068063.0000001,0.486
47,,229303.0,,,,,,1521673,10190003001216,2.0,"LINESTRING Z (-104.466576814954 39.9909302712595 0, -104.466368814954 39.9910220045927 0, -104.466190414954 39.991159471259 0, -104.465685681622 39.9918464045913 0, -104.465211414956 39.9929908712562 0, -104.465063081623 39.9932428045893 0, -104.464409214957 39.9936550712552 0, -104.464112014957 39.9939070712549 0, -104.463726014958 39.9943880045874 0, -104.462717481626 39.9961736712513 0, -104.462332081627 39.99704367125 0, -104.46230321496 39.9975470712491 0, -104.462422681627 39.9978674712486 0, -104.462780414959 39.9983020045813 0, -104.464359414957 39.9998340712456 0, -104.464508414957 39.9999960712453 0)",550099998.0,550126137.0,550084964.9999999,1.179
48,,225923.0,,,,,,1521726,10190003001255,2.0,"LINESTRING Z (-104.464508414957 39.9999960712453 0, -104.464747414956 40.0005500045778 0, -104.464719214956 40.0011220712437 0, -104.465256814956 40.0018540045758 0, -104.465168481622 40.0022660045752 0, -104.464485481624 40.0029302045742 0)",550084964.9999999,550099998.0,550075107.9999999,0.364
49,,226715.0,,,,,,1521820,10190003002365,2.0,"LINESTRING Z (-104.459551614965 40.0811296711194 0, -104.459429681631 40.0811638044527 0, -104.459303281632 40.0812874044525 0, -104.459176881632 40.0814110711191 0, -104.459050414965 40.0815348044521 0, -104.458924014966 40.0816584711186 0, -104.458797614966 40.0817822044518 0, -104.458671214966 40.0819058711182 0, -104.458544681633 40.0820296044513 0, -104.458418281633 40.0821532711179 0, -104.458291881633 40.082277004451 0, -104.458165481633 40.0824006711175 0, -104.458039081634 40.0825242711172 0, -104.457912614967 40.0826480044504 0, -104.457899014967 40.0827828711169 0, -104.457883214967 40.0829386711167 0, -104.457867481634 40.0830944044498 0, -104.457851681634 40.0832502044495 0, -104.457836014967 40.0834058711159 0)",550100018.9999999,550126175.0,550042993.0000001,0.306
50,,226719.0,,,,,,1521821,10190003002366,3.0,"LINESTRING Z (-104.452930614975 40.0744290711299 0, -104.452893681641 40.0745176711297 0, -104.452872814975 40.0746730711294 0, -104.452851881641 40.0748284711292 0, -104.452831014975 40.0749838711291 0, -104.452810081642 40.0751392711288 0, -104.452789214975 40.0752946711285 0, -104.452768281642 40.0754500711282 0, -104.452747414975 40.0756054711281 0, -104.452726481642 40.0757608711278 0, -104.452705614975 40.0759162044608 0, -104.452684681642 40.0760716044605 0, -104.452663814975 40.0762270044605 0, -104.452678481642 40.0763514711269 0, -104.452696881642 40.0765070711267 0, -104.452715281642 40.0766626044597 0, -104.452733681642 40.0768182044595 0, -104.452752081642 40.0769738044592 0, -104.452770414975 40.0771294044591 0, -104.452788814975 40.0772848711255 0, -104.452807214975 40.0774404711252 0, -104.452825614975 40.077596071125 0, -104.452844014975 40.0777516711246 0, -104.452862414975 40.0779072044577 0, -104.452880814975 40.0780628044574 0, -104.452899214975 40.0782184044573 0, -104.452991681641 40.078324204457 0, -104.453105614975 40.078454604457 0, -104.453219614974 40.0785850044568 0, -104.453333614974 40.0787154044565 0, -104.453447481641 40.0788458044563 0, -104.453561481641 40.0789762044561 0, -104.453675414974 40.0791066044559 0, -104.453789414973 40.0792370044556 0, -104.45390328164 40.0793674044554 0, -104.45401728164 40.0794978044554 0, -104.45413128164 40.0796282044552 0, -104.454245214973 40.0797586044549 0, -104.454259881639 40.0798830711214 0, -104.454278281639 40.0800386711211 0, -104.454296681639 40.0801942044542 0, -104.454315081639 40.0803498044539 0, -104.454333481639 40.0805054044538 0, -104.454351881639 40.0806610044536 0, -104.454370281639 40.08081647112 0, -104.454388681639 40.0809720711197 0, -104.454407081639 40.0811276711194 0, -104.454417814972 40.0811348044528 0, -104.454573214972 40.0812380044526 0, -104.454728481639 40.0813412711191 0, -104.454883881638 40.081444471119 0, -104.455039281638 40.0815476711188 0, -104.455194614971 40.081651004452 0, -104.455350014971 40.0817542044518 0, -104.455505414971 40.0818574044517 0, -104.455660814971 40.0819606711182 0, -104.455816081637 40.082063871118 0, -104.455971481637 40.0821670711179 0, -104.456126881637 40.082270404451 0, -104.45628221497 40.0823736044509 0, -104.456437614969 40.0824768044507 0, -104.456593014969 40.0825800711172 0, -104.456748414969 40.082683271117 0, -104.456903681635 40.0827864711169 0, -104.457059081635 40.0828896711167 0, -104.457214481635 40.0829930044499 0, -104.457369881634 40.0830962044497 0, -104.457525214968 40.0831994044495 0, -104.457680614967 40.0833026711161 0, -104.457836014967 40.0834058711159 0)",550044416.0000001,550046027.0000001,550042993.0000001,1.174
